{
  "roc_auc": 0.7987,
  "cv_auc_mean": 0.9663,
  "training_samples": 223956,
  "test_samples": 30000,
  "n_features": 15,
  "model_name": "XGBoost",
  "dataset": "Give Me Some Credit",
  "roc_fpr": [
    0.0,
    0.0003572066440435792,
    0.000893016610108948,
    0.0012859439185568852,
    0.0016431505626004644,
    0.0020717985354527595,
    0.0025361671727094125,
    0.003214859796392213,
    0.003929273084479371,
    0.00446508305054474,
    0.005429540989462404,
    0.005893909626719057,
    0.0064654402571887835,
    0.007251294874084658,
    0.007929987497767459,
    0.008823004107876406,
    0.009573138060367923,
    0.010358992677263796,
    0.011466333273798892,
    0.012287908555099125,
    0.013323807822825504,
    0.01493123772102161,
    0.016431505626004643,
    0.017717449544561528,
    0.018288980175031257,
    0.01957492409358814,
    0.02043222003929273,
    0.021968208608680123,
    0.022896945883193427,
    0.023897124486515448,
    0.02489730308983747,
    0.025647437042328986,
    0.026647615645651008,
    0.027933559564207896,
    0.028933738167529918,
    0.029969637435256297,
    0.031398464011430614,
    0.033505983211287726,
    0.03436327915699232,
    0.035613502411144846,
    0.03679228433648866,
    0.03889980353634578,
    0.03986426147526344,
    0.04197178067512056,
    0.043579210573316665,
    0.0453295231291302,
    0.046508305054474015,
    0.04775852830862654,
    0.04879442757635292,
    0.04968744418646187,
    0.050866226111805676,
    0.05318806929808895,
    0.05386676192177175,
    0.05529558849794606,
    0.057188783711377034,
    0.0595106268976603,
    0.061546704768708695,
    0.06297553134488301,
    0.06436863725665297,
    0.06679764243614932,
    0.06836935166994106,
    0.06972673691730666,
    0.07276299339167709,
    0.07390605465261654,
    0.07687086979817824,
    0.07787104840150026,
    0.07951419896410074,
    0.08105018753348812,
    0.0822646901232363,
    0.08369351669941061,
    0.08669405250937667,
    0.08823004107876406,
    0.08951598499732095,
    0.09183782818360421,
    0.09323093409537417,
    0.09544561528844436,
    0.10001786033220218,
    0.10137524557956779,
    0.10462582604036436,
    0.10719771387747812,
    0.10901946776210038,
    0.1106983389891052,
    0.11319878549741025,
    0.11644936595820682,
    0.12080728701553849,
    0.12280764422218253,
    0.1266654759778532,
    0.1290230398285408,
    0.13270226826218967,
    0.1342739774959814,
    0.13777460260760852,
    0.13991784247186997,
    0.14213252366494017,
    0.14438292552241472,
    0.1480621539560636,
    0.151098410430434,
    0.1529558849794606,
    0.15849258796213608,
    0.16038578317556706,
    0.16224325772459366,
    0.16545811752098588,
    0.16863725665297374,
    0.17224504375781388,
    0.1760671548490802,
    0.1781746740489373,
    0.1798892659403465,
    0.18324700839435615,
    0.18614038221110912,
    0.18953384532952314,
    0.19139131987854974,
    0.19567779960707268,
    0.1992498660475085,
    0.20189319521343096,
    0.20550098231827113,
    0.20703697088765852,
    0.20939453473834613,
    0.2110376853009466,
    0.21303804250759065,
    0.21657438828362208,
    0.21975352741560994,
    0.2241828898017503,
    0.2292909448115735,
    0.23218431862832647,
    0.23479192712984462,
    0.23654223968565816,
    0.24004286479728523,
    0.24375781389533846,
    0.2476870869798178,
    0.2537238792641543,
    0.25783175567065547,
    0.2634398999821397,
    0.265868905161636,
    0.27144132880871585,
    0.27522771923557776,
    0.2772280764422218,
    0.2797999642793356,
    0.28426504732988034,
    0.2873370244686551,
    0.2923021968208609,
    0.29537417395963567,
    0.3018038935524201,
    0.3057331666368994,
    0.310484015002679,
    0.3150205393820325,
    0.3193427397749598,
    0.3226647615645651,
    0.32702268262189677,
    0.33091623504197176,
    0.337024468655117,
    0.343311305590284,
    0.34988390784068585,
    0.3556349348097875,
    0.35852830862654045,
    0.36424361493123775,
    0.3711019824968744,
    0.3763171994999107,
    0.3790676906590463,
    0.38646186819074835,
    0.3943204143597071,
    0.4006786926236828,
    0.4060367922843365,
    0.41303804250759063,
    0.41957492409358815,
    0.42868369351669944,
    0.4394713341668155,
    0.4433648865868905,
    0.4497231648508662,
    0.4592248615824254,
    0.46454724057867475,
    0.4719414181103769,
    0.47912127165565277,
    0.486729773173781,
    0.4948383639935703,
    0.5061260939453474,
    0.5123057688873013,
    0.5200928737274513,
    0.5255938560457224,
    0.5357028040721558,
    0.5519199857117343,
    0.5713520271477049,
    0.5817110198249688,
    0.6013573852473656,
    0.6251830684050723,
    0.6501518128237185,
    0.6698696195749241,
    0.6770137524557956,
    0.6841936060010716,
    0.6985175924272191,
    0.7080550098231827,
    0.7341668155027683,
    0.7497410251830684,
    0.7741382389712449,
    0.7961421682443294,
    0.8160028576531524,
    0.842221825325951,
    0.8660117878192535,
    0.889623146990534,
    0.9199857117342383,
    0.9303089837470977,
    0.9454545454545454,
    0.9556706554741918,
    0.9693873906054653,
    0.9901768172888016
  ],